Tessy,Gernier,tgernier0@smugmug.com
Galvin,Crosston,gcrosston1@fema.gov
Anabal,Deplacido,adeplacido2@naver.com
Rossy,Spours,rspours3@quantcast.com
Paxton,Arnet,parnet4@booking.com
Tamara,Clawson,tclawson5@etsy.com
Micheal,Hotton,mhotton6@zdnet.com
Kaiser,Stoneman,kstoneman7@cnbc.com
Sherlock,Dixcee,sdixcee8@plala.or.jp
Evelina,Rucklidge,erucklidge9@ovh.net
Gabby,Saywood,gsaywooda@a8.net
Chariot,Ollett,collettb@cam.ac.uk
Sven,McGettrick,smcgettrickc@soup.io
Ulysses,Douglas,udouglasd@tamu.edu
Lars,Briand,lbriande@techcrunch.com
Waite,Cobbled,wcobbledf@google.ca
Theodor,Chooter,tchooterg@fc2.com
Otes,Blues,obluesh@trellian.com
Gordon,Lasty,glastyi@barnesandnoble.com
Natalina,Cashford,ncashfordj@google.co.uk
Brooke,Wansbury,bwansburyk@ibm.com
Evania,Angless,eanglessl@ihg.com
Lacee,Greenfield,lgreenfieldm@theguardian.com
Albertine,Farfoot,afarfootn@comcast.net
Kalinda,Lumsdale,klumsdaleo@blogger.com
Paulie,Cleeve,pcleevep@gov.uk
Madella,Abeau,mabeauq@macromedia.com
Niki,Kuhl,nkuhlr@marriott.com
Theobald,Anfusso,tanfussos@harvard.edu
Gilburt,Janikowski,gjanikowskit@dagondesign.com
Ferguson,Castledine,fcastledineu@pcworld.com
Myles,Dudin,mdudinv@taobao.com
Jamie,Bullcock,jbullcockw@admin.ch
Melisenda,Braunthal,mbraunthalx@posterous.com
Scotti,Kleeborn,skleeborny@paypal.com
Meg,Lorant,mlorantz@ca.gov
Riley,Castellaccio,rcastellaccio10@free.fr
Mendie,Olexa,molexa11@umn.edu
Saxon,Geratt,sgeratt12@studiopress.com
Suzy,Paskins,spaskins13@51.la
Renaud,Stillwell,rstillwell14@ftc.gov
Kylie,Swanton,kswanton15@sakura.ne.jp
Ralf,Kivlin,rkivlin16@posterous.com
Melli,Bairstow,mbairstow17@squarespace.com
Orion,Nolleth,onolleth18@gmpg.org
Francesco,Jeste,fjeste19@taobao.com
Wilhelmine,Giacobini,wgiacobini1a@networksolutions.com
Brad,Maren,bmaren1b@alexa.com
Tuesday,Jessel,tjessel1c@virginia.edu
Rurik,Spurdens,rspurdens1d@hhs.gov
Becka,Pattrick,bpattrick1e@loc.gov
Teodorico,Balsellie,tbalsellie1f@cyberchimps.com
Jolie,Sweetenham,jsweetenham1g@networkadvertising.org
Mitch,Van der Kruys,mvanderkruys1h@nyu.edu
Casper,Matthisson,cmatthisson1i@vimeo.com
Sapphira,Rany,srany1j@aol.com
Gabe,Bowick,gbowick1k@huffingtonpost.com
Kitty,Grist,kgrist1l@pcworld.com
Bili,O' Faherty,bofaherty1m@techcrunch.com
Alessandra,Fogden,afogden1n@blogs.com
Loise,Salmoni,lsalmoni1o@live.com
Darcey,Biss,dbiss1p@baidu.com
Laurence,Creus,lcreus1q@wiley.com
Kirsten,Stitson,kstitson1r@constantcontact.com
Fidela,Franklin,ffranklin1s@sun.com
Teddy,Christal,tchristal1t@qq.com
Lainey,Dimitrijevic,ldimitrijevic1u@cmu.edu
Adelice,Randle,arandle1v@sourceforge.net
Alison,Edelston,aedelston1w@arstechnica.com
Boot,Penchen,bpenchen1x@clickbank.net
Jeannie,Benterman,jbenterman1y@over-blog.com
Ebeneser,Crafts,ecrafts1z@ted.com
Tann,Sier,tsier20@cbsnews.com
Shurlock,Kitley,skitley21@mtv.com
Claribel,Dearlove,cdearlove22@ted.com
Antoine,Hearons,ahearons23@amazon.co.jp
Norrie,Shalcros,nshalcros24@eepurl.com
Andre,Simmell,asimmell25@lulu.com
Melony,Pickworth,mpickworth26@odnoklassniki.ru
Pascal,Jaffrey,pjaffrey27@mapy.cz
Gery,Hannis,ghannis28@naver.com
Kirstyn,Mussalli,kmussalli29@is.gd
Angel,Trouel,atrouel2a@cornell.edu
Mada,Lampitt,mlampitt2b@e-recht24.de
Renata,Hourigan,rhourigan2c@xing.com
Jude,Benez,jbenez2d@reddit.com
Jocko,Antcliff,jantcliff2e@desdev.cn
Martie,Goodin,mgoodin2f@simplemachines.org
Ewell,Josselsohn,ejosselsohn2g@mtv.com
Roley,Deamer,rdeamer2h@opensource.org
Erl,Ovise,eovise2i@rambler.ru
Iormina,Ioannou,iioannou2j@goo.gl
Rita,Gaughan,rgaughan2k@quantcast.com
Hedy,Puller,hpuller2l@zdnet.com
Rollins,Koche,rkoche2m@studiopress.com
Peirce,Pechard,ppechard2n@phoca.cz
Paxon,Pancast,ppancast2o@trellian.com
Queenie,Spridgen,qspridgen2p@ibm.com
Giorgi,Angeli,gangeli2q@photobucket.com
Waite,Flannigan,wflannigan2r@dagondesign.com